,,,,,,,,,
Norbert,Theatre Trip,Norbert,Theatre Trip,TestArena
Valderheim,Belts and Pelts,Valderheim,Belts and Pelts,TestArena
Valderheim,Belts and Pelts,Valderheim,Belts and Pelts,TestArena
Valderheim,Belts and Pelts,Valderheim,Belts and Pelts,TestArena
Valderheim,Belts and Pelts,Valderheim,Belts and Pelts,TestArena
Valderheim,Belts and Pelts,Valderheim,Belts and Pelts,TestArena
Valderheim,Belts and Pelts,Valderheim,Belts and Pelts,TestArena
Valderheim,Belts and Pelts,Valderheim,Belts and Pelts,TestArena
Valderheim,Belts and Pelts,Valderheim,Belts and Pelts,TestArena
Valderheim,Belts and Pelts,Valderheim,Belts and Pelts,TestArena
Valderheim,Belts and Pelts,Valderheim,Belts and Pelts,TestArena
Valderheim,Belts and Pelts,Valderheim,Belts and Pelts,TestArena
Valderheim,Belts and Pelts,Valderheim,Belts and Pelts,TestArena
Valderheim,Belts and Pelts,Valderheim,Belts and Pelts,TestArena
Valderheim,Belts and Pelts,Valderheim,Belts and Pelts,TestArena
Valderheim,Belts and Pelts,Valderheim,Belts and Pelts,TestArena
Valderheim,Belts and Pelts,Valderheim,Belts and Pelts,TestArena
Valderheim,Belts and Pelts,Valderheim,Belts and Pelts,TestArena
Valderheim,Belts and Pelts,Valderheim,Belts and Pelts,TestArena
Valderheim,Belts and Pelts,Valderheim,Belts and Pelts,TestArena
Valderheim,Belts and Pelts,Valderheim,Belts and Pelts,TestArena
Valderheim,Belts and Pelts,Valderheim,Belts and Pelts,TestArena
Valderheim,Belts and Pelts,Valderheim,Belts and Pelts,TestArena
Valderheim,Belts and Pelts,Valderheim,Belts and Pelts,TestArena
Valderheim,Belts and Pelts,Valderheim,Belts and Pelts,TestArena
Valderheim,Belts and Pelts,Valderheim,Belts and Pelts,TestArena
Valderheim,Belts and Pelts,Valderheim,Belts and Pelts,TestArena
Valderheim,Belts and Pelts,Valderheim,Belts and Pelts,TestArena
Valderheim,Belts and Pelts,Valderheim,Belts and Pelts,TestArena
Valderheim,Belts and Pelts,Valderheim,Belts and Pelts,TestArena
Valderheim,Belts and Pelts,Valderheim,Belts and Pelts,TestArena
Valderheim,Belts and Pelts,Valderheim,Belts and Pelts,TestArena
Valderheim,Belts and Pelts,Valderheim,Belts and Pelts,TestArena
Valderheim,Belts and Pelts,Valderheim,Belts and Pelts,TestArena
Valderheim,Belts and Pelts,Valderheim,Belts and Pelts,TestArena
Valderheim,Belts and Pelts,Valderheim,Belts and Pelts,TestArena
Valderheim,Belts and Pelts,Valderheim,Belts and Pelts,TestArena
Valderheim,Belts and Pelts,Valderheim,Belts and Pelts,TestArena
Valderheim,Belts and Pelts,Valderheim,Belts and Pelts,TestArena
Valderheim,Belts and Pelts,Valderheim,Belts and Pelts,TestArena
Valderheim,Belts and Pelts,Valderheim,Belts and Pelts,TestArena
Valderheim,Belts and Pelts,Valderheim,Belts and Pelts,TestArena
Valderheim,Belts and Pelts,Valderheim,Belts and Pelts,TestArena
Valderheim,Belts and Pelts,Valderheim,Belts and Pelts,TestArena
Valderheim,Belts and Pelts,Valderheim,Belts and Pelts,TestArena
Valderheim,Belts and Pelts,Valderheim,Belts and Pelts,TestArena
Valderheim,Belts and Pelts,Valderheim,Belts and Pelts,TestArena
Valderheim,Belts and Pelts,Valderheim,Belts and Pelts,TestArena
Valderheim,Belts and Pelts,Valderheim,Belts and Pelts,TestArena
Valderheim,Belts and Pelts,Valderheim,Belts and Pelts,TestArena
Valderheim,Belts and Pelts,Valderheim,Belts and Pelts,TestArena
Valderheim,Belts and Pelts,Valderheim,Belts and Pelts,TestArena
Valderheim,Belts and Pelts,Valderheim,Belts and Pelts,TestArena
Valderheim,Belts and Pelts,Valderheim,Belts and Pelts,TestArena
Valderheim,Belts and Pelts,Valderheim,Belts and Pelts,TestArena
Valderheim,Belts and Pelts,Valderheim,Belts and Pelts,TestArena
Valderheim,Belts and Pelts,Valderheim,Belts and Pelts,TestArena
Valderheim,Belts and Pelts,Valderheim,Belts and Pelts,TestArena
Valderheim,Belts and Pelts,Valderheim,Belts and Pelts,TestArena
Valderheim,Belts and Pelts,Valderheim,Belts and Pelts,TestArena
Valderheim,Belts and Pelts,Valderheim,Belts and Pelts,TestArena
Valderheim,Belts and Pelts,Valderheim,Belts and Pelts,TestArena
Valderheim,Belts and Pelts,Valderheim,Belts and Pelts,TestArena
Valderheim,Belts and Pelts,Valderheim,Belts and Pelts,TestArena
Valderheim,Belts and Pelts,Valderheim,Belts and Pelts,TestArena
Valderheim,Belts and Pelts,Valderheim,Belts and Pelts,TestArena
Valderheim,Belts and Pelts,Valderheim,Belts and Pelts,TestArena
Valderheim,Belts and Pelts,Valderheim,Belts and Pelts,TestArena
Valderheim,Belts and Pelts,Valderheim,Belts and Pelts,TestArena
Valderheim,Belts and Pelts,Valderheim,Belts and Pelts,TestArena
Valderheim,Belts and Pelts,Valderheim,Belts and Pelts,TestArena
Valderheim,Belts and Pelts,Valderheim,Belts and Pelts,TestArena
Valderheim,Belts and Pelts,Valderheim,Belts and Pelts,TestArena
Valderheim,Belts and Pelts,Valderheim,Belts and Pelts,TestArena
Valderheim,Belts and Pelts,Valderheim,Belts and Pelts,TestArena
Valderheim,Belts and Pelts,Valderheim,Belts and Pelts,TestArena
Valderheim,Belts and Pelts,Valderheim,Belts and Pelts,TestArena
Valderheim,Belts and Pelts,Valderheim,Belts and Pelts,TestArena
Valderheim,Belts and Pelts,Valderheim,Belts and Pelts,TestArena
Valderheim,Belts and Pelts,Valderheim,Belts and Pelts,TestArena
Valderheim,Belts and Pelts,Valderheim,Belts and Pelts,TestArena
Valderheim,Belts and Pelts,Valderheim,Belts and Pelts,TestArena
Valderheim,Belts and Pelts,Valderheim,Belts and Pelts,TestArena
Valderheim,Belts and Pelts,Valderheim,Belts and Pelts,TestArena
Valderheim,Belts and Pelts,Valderheim,Belts and Pelts,TestArena
Valderheim,Belts and Pelts,Valderheim,Belts and Pelts,TestArena
Valderheim,Belts and Pelts,Valderheim,Belts and Pelts,TestArena
Valderheim,Belts and Pelts,Valderheim,Belts and Pelts,TestArena
Valderheim,Belts and Pelts,Valderheim,Belts and Pelts,TestArena
SongBird,Plagued Doctor,Valderheim,Beach Day,TestArena
SongBird,Plagued Doctor,Valderheim,Belts and Pelts,TestArena
Norbert,Theatre Trip,Valderheim,Belts and Pelts,TestArena
Valderheim,Belts and Pelts,Valderheim,Belts and Pelts,TestArena
Valderheim,Belts and Pelts,Valderheim,Belts and Pelts,TestArena
SongBird,Plagued Doctor,Valderheim,Belts and Pelts,TestArena
SongBird,Plagued Doctor,Valderheim,Belts and Pelts,TestArena
SongBird,Plagued Doctor,Valderheim,Belts and Pelts,TestArena
SongBird,Plagued Doctor,Valderheim,Belts and Pelts,TestArena
SongBird,Plagued Doctor,Valderheim,Belts and Pelts,TestArena
SongBird,Plagued Doctor,Valderheim,Belts and Pelts,TestArena
SongBird,Plagued Doctor,Valderheim,Belts and Pelts,TestArena
SongBird,Plagued Doctor,Valderheim,Belts and Pelts,TestArena
SongBird,Plagued Doctor,Valderheim,Belts and Pelts,TestArena
SongBird,Plagued Doctor,Valderheim,Belts and Pelts,TestArena
SongBird,Plagued Doctor,Valderheim,Belts and Pelts,TestArena
SongBird,Plagued Doctor,Valderheim,Belts and Pelts,TestArena
SongBird,Plagued Doctor,Valderheim,Belts and Pelts,TestArena
SongBird,Plagued Doctor,Valderheim,Belts and Pelts,TestArena
SongBird,Plagued Doctor,Valderheim,Belts and Pelts,TestArena
SongBird,Plagued Doctor,Valderheim,Belts and Pelts,TestArena
SongBird,Plagued Doctor,Valderheim,Belts and Pelts,TestArena
SongBird,Plagued Doctor,Valderheim,Belts and Pelts,TestArena
SongBird,Plagued Doctor,Valderheim,Belts and Pelts,TestArena
SongBird,Plagued Doctor,Valderheim,Belts and Pelts,TestArena
SongBird,Plagued Doctor,Valderheim,Belts and Pelts,TestArena
SongBird,Plagued Doctor,Valderheim,Belts and Pelts,TestArena
SongBird,Plagued Doctor,Valderheim,Belts and Pelts,TestArena
SongBird,Plagued Doctor,Valderheim,Belts and Pelts,TestArena
SongBird,Plagued Doctor,Valderheim,Belts and Pelts,TestArena
SongBird,Plagued Doctor,Valderheim,Belts and Pelts,TestArena
SongBird,Plagued Doctor,Valderheim,Belts and Pelts,TestArena
SongBird,Plagued Doctor,Valderheim,Belts and Pelts,TestArena
SongBird,Plagued Doctor,Valderheim,Belts and Pelts,TestArena
Norbert,Theatre Trip,Valderheim,Belts and Pelts,TestArena
SongBird,Plagued Doctor,Valderheim,Belts and Pelts,TestArena
Valderheim,Belts and Pelts,Valderheim,Belts and Pelts,TestArena
Valderheim,Undies,Songbird,Radioactive,TestArena
Valderheim,Belts and Pelts,Valderheim,Belts and Pelts,TestArena
Valderheim,Belts and Pelts,Valderheim,Belts and Pelts,TestArena
Valderheim,Undies,Songbird,Radioactive,TestArena
Valderheim,Undies,Songbird,Radioactive,TestArena
SongBird,Plagued Doctor,Valderheim,Belts and Pelts,TestArena
Valderheim,Belts and Pelts,Valderheim,Belts and Pelts,TestArena
Valderheim,Belts and Pelts,Valderheim,Belts and Pelts,TestArena
SongBird,Plagued Doctor,Valderheim,Belts and Pelts,TestArena
SongBird,Plagued Doctor,Valderheim,Belts and Pelts,TestArena
SongBird,Plagued Doctor,Valderheim,Belts and Pelts,TestArena
SongBird,Plagued Doctor,Valderheim,Belts and Pelts,TestArena
SongBird,Plagued Doctor,Valderheim,Belts and Pelts,TestArena
SongBird,Plagued Doctor,Valderheim,Belts and Pelts,TestArena
SongBird,Plagued Doctor,Valderheim,Belts and Pelts,TestArena
SongBird,Plagued Doctor,Valderheim,Belts and Pelts,TestArena
SongBird,Plagued Doctor,Valderheim,Belts and Pelts,TestArena
SongBird,Plagued Doctor,Valderheim,Belts and Pelts,TestArena
SongBird,Plagued Doctor,Valderheim,Belts and Pelts,TestArena
SongBird,Plagued Doctor,Valderheim,Belts and Pelts,TestArena
Valderheim,Beach Day,Valderheim,Belts and Pelts,TestArena
SongBird,The Toxic Intellectual,Valderheim,Belts and Pelts,TestArena
SongBird,Plagued Doctor,Valderheim,Belts and Pelts,TestArena
Valderheim,Belts and Pelts,SongBird,Plagued Doctor,TestArena
SongBird,Plagued Doctor,Valderheim,Belts and Pelts,TestArena
SongBird,Plagued Doctor,Valderheim,Belts and Pelts,TestArena
Valderheim,Beach Day,Valderheim,Belts and Pelts,TestArena
SongBird,Plagued Doctor,Valderheim,Belts and Pelts,TestArena
Valderheim,Belts and Pelts,Valderheim,Belts and Pelts,TestArena
Carmen,Guardian Angel,Valderheim,Belts and Pelts,TestArena
SongBird,Plagued Doctor,Valderheim,Belts and Pelts,TestArena
SongBird,Plagued Doctor,Valderheim,Belts and Pelts,TestArena
SongBird,Plagued Doctor,Valderheim,Belts and Pelts,TestArena
SongBird,Plagued Doctor,Valderheim,Belts and Pelts,TestArena
SongBird,Plagued Doctor,Valderheim,Belts and Pelts,TestArena
SongBird,Plagued Doctor,Valderheim,Belts and Pelts,TestArena
SongBird,Plagued Doctor,Valderheim,Belts and Pelts,TestArena
SongBird,Plagued Doctor,Valderheim,Belts and Pelts,TestArena
SongBird,Plagued Doctor,Valderheim,Belts and Pelts,TestArena
SongBird,Plagued Doctor,Valderheim,Belts and Pelts,TestArena
SongBird,Plagued Doctor,Valderheim,Belts and Pelts,TestArena
SongBird,Plagued Doctor,Valderheim,Belts and Pelts,TestArena
SongBird,Plagued Doctor,Valderheim,Belts and Pelts,TestArena
SongBird,Plagued Doctor,Valderheim,Belts and Pelts,TestArena
SongBird,Plagued Doctor,Valderheim,Belts and Pelts,TestArena
SongBird,Plagued Doctor,Valderheim,Belts and Pelts,TestArena
SongBird,Plagued Doctor,Valderheim,Belts and Pelts,TestArena
SongBird,Plagued Doctor,Valderheim,Belts and Pelts,TestArena
Valderheim,Beach Day,Valderheim,Belts and Pelts,TestArena
SongBird,Plagued Doctor,Valderheim,Belts and Pelts,TestArena
SongBird,Plagued Doctor,Valderheim,Belts and Pelts,TestArena
SongBird,Plagued Doctor,Valderheim,Belts and Pelts,TestArena
Valderheim,Beach Day,Valderheim,Belts and Pelts,TestArena
Carmen,Guardian Angel,Valderheim,Belts and Pelts,TestArena
Valderheim,Beach Day,Valderheim,Belts and Pelts,TestArena
Valderheim,Belts and Pelts,Valderheim,Belts and Pelts,TestArena
Valderheim,Belts and Pelts,Valderheim,Belts and Pelts,TestArena
Valderheim,Belts and Pelts,Valderheim,Belts and Pelts,TestArena
Valderheim,Beach Day,Valderheim,Belts and Pelts,TestArena
Valderheim,Beach Day,Valderheim,Belts and Pelts,TestArena
Valderheim,Beach Day,Valderheim,Belts and Pelts,TestArena
Valderheim,Beach Day,Valderheim,Belts and Pelts,TestArena
Valderheim,Beach Day,Valderheim,Belts and Pelts,TestArena
Valderheim,Beach Day,Valderheim,Belts and Pelts,TestArena
SongBird,Plagued Doctor,Valderheim,Belts and Pelts,TestArena
Valderheim,Beach Day,Valderheim,Belts and Pelts,TestArena
Valderheim,Belts and Pelts,Valderheim,Belts and Pelts,TestArena
SongBird,Plagued Doctor,Valderheim,Belts and Pelts,TestArena
SongBird,Plagued Doctor,Valderheim,Belts and Pelts,TestArena
SongBird,Plagued Doctor,Valderheim,Belts and Pelts,TestArena
SongBird,Plagued Doctor,Valderheim,Belts and Pelts,TestArena
SongBird,Plagued Doctor,Valderheim,Belts and Pelts,TestArena
SongBird,Plagued Doctor,Valderheim,Belts and Pelts,TestArena
SongBird,Plagued Doctor,Valderheim,Belts and Pelts,TestArena
SongBird,Plagued Doctor,Valderheim,Belts and Pelts,TestArena
SongBird,Plagued Doctor,Valderheim,Belts and Pelts,TestArena
SongBird,Plagued Doctor,Valderheim,Belts and Pelts,TestArena
SongBird,Plagued Doctor,Valderheim,Belts and Pelts,TestArena
SongBird,Plagued Doctor,Valderheim,Belts and Pelts,TestArena
SongBird,Plagued Doctor,Valderheim,Belts and Pelts,TestArena
SongBird,Plagued Doctor,Valderheim,Belts and Pelts,TestArena
Valderheim,Belts and Pelts,Valderheim,Belts and Pelts,TestArena
SongBird,The Toxic Intellectual,Valderheim,Belts and Pelts,TestArena
SongBird,The Toxic Intellectual,Valderheim,Belts and Pelts,TestArena
SongBird,Plagued Doctor,Valderheim,Belts and Pelts,TestArena
SongBird,Plagued Doctor,Valderheim,Belts and Pelts,TestArena
Wiosna,Theatre Trip,Valderheim,Belts and Pelts,TestArena
SongBird,Plagued Doctor,Valderheim,Belts and Pelts,TestArena
SongBird,Plagued Doctor,Valderheim,Belts and Pelts,TestArena
SongBird,Plagued Doctor,Valderheim,Belts and Pelts,TestArena
SongBird,Plagued Doctor,Valderheim,Belts and Pelts,TestArena
SongBird,Plagued Doctor,Valderheim,Belts and Pelts,TestArena
SongBird,Plagued Doctor,Valderheim,Belts and Pelts,TestArena
SongBird,Plagued Doctor,Valderheim,Belts and Pelts,TestArena
Valderheim,Beach Day,Valderheim,Belts and Pelts,TestArena
SongBird,Plagued Doctor,Valderheim,Belts and Pelts,TestArena
Wiosna,Theatre Trip,Valderheim,Belts and Pelts,TestArena
Wiosna,Theatre Trip,Valderheim,Belts and Pelts,TestArena
Wiosna,Theatre Trip,Valderheim,Belts and Pelts,TestArena
Valderheim,Beach Day,Valderheim,Belts and Pelts,TestArena
SongBird,Plagued Doctor,Valderheim,Belts and Pelts,TestArena
Valderheim,Belts and Pelts,Valderheim,Belts and Pelts,TestArena
SongBird,Plagued Doctor,Valderheim,Belts and Pelts,TestArena
Valderheim,Beach Day,Valderheim,Belts and Pelts,TestArena
SongBird,The Toxic Intellectual,Valderheim,Belts and Pelts,TestArena
Wiosna,Theatre Trip,Valderheim,Belts and Pelts,TestArena
Valderheim,Belts and Pelts,Valderheim,Belts and Pelts,TestArena
Wiosna,Theatre Trip,Valderheim,Belts and Pelts,TestArena
Wiosna,Theatre Trip,Valderheim,Belts and Pelts,TestArena
Wiosna,Theatre Trip,Valderheim,Belts and Pelts,TestArena
Wiosna,Theatre Trip,Valderheim,Belts and Pelts,TestArena
Wiosna,Theatre Trip,Valderheim,Belts and Pelts,TestArena
Wiosna,Theatre Trip,Valderheim,Belts and Pelts,TestArena
Wiosna,Theatre Trip,Valderheim,Belts and Pelts,TestArena
Wiosna,Theatre Trip,Valderheim,Belts and Pelts,TestArena
Wiosna,Theatre Trip,Valderheim,Belts and Pelts,TestArena
Wiosna,Theatre Trip,Valderheim,Belts and Pelts,TestArena
Wiosna,Theatre Trip,Valderheim,Belts and Pelts,TestArena
Wiosna,Theatre Trip,Valderheim,Belts and Pelts,TestArena
Wiosna,Theatre Trip,Valderheim,Belts and Pelts,TestArena
Wiosna,Theatre Trip,Valderheim,Belts and Pelts,TestArena
Wiosna,Theatre Trip,Valderheim,Belts and Pelts,TestArena
Wiosna,Theatre Trip,Valderheim,Belts and Pelts,TestArena
Wiosna,Theatre Trip,Valderheim,Belts and Pelts,TestArena
Wiosna,Theatre Trip,Valderheim,Belts and Pelts,TestArena
Wiosna,Theatre Trip,Valderheim,Belts and Pelts,TestArena
Wiosna,Theatre Trip,Valderheim,Belts and Pelts,TestArena
Wiosna,Theatre Trip,Valderheim,Belts and Pelts,TestArena
Wiosna,Theatre Trip,Valderheim,Belts and Pelts,TestArena
Wiosna,Theatre Trip,Valderheim,Belts and Pelts,TestArena
Wiosna,Theatre Trip,Valderheim,Belts and Pelts,TestArena
Wiosna,Theatre Trip,Valderheim,Belts and Pelts,TestArena
Wiosna,Theatre Trip,Valderheim,Belts and Pelts,TestArena
Wiosna,Theatre Trip,Valderheim,Belts and Pelts,TestArena
Valderheim,Belts and Pelts,Valderheim,Belts and Pelts,TestArena
Valderheim,Shark In Jeans,Valderheim,Belts and Pelts,TestArena
Valderheim,Shark In Jeans,Valderheim,Belts and Pelts,TestArena
Wiosna,Theatre Trip,Valderheim,Belts and Pelts,RuinedVillage
Wiosna,Theatre Trip,Valderheim,Belts and Pelts,TestArena
Valderheim,Shark In Jeans,Valderheim,Belts and Pelts,TestArena
Valderheim,Shark In Jeans,Valderheim,Belts and Pelts,TestArena
Wiosna,Theatre Trip,Valderheim,Belts and Pelts,TestArena
Wiosna,Theatre Trip,Valderheim,Belts and Pelts,TestArena
Wiosna,Theatre Trip,Valderheim,Belts and Pelts,TestArena
Wiosna,Theatre Trip,Valderheim,Belts and Pelts,TestArena
Wiosna,Theatre Trip,Valderheim,Belts and Pelts,TestArena
Wiosna,Theatre Trip,Valderheim,Belts and Pelts,TestArena
Wiosna,Theatre Trip,Valderheim,Belts and Pelts,TestArena
Wiosna,Theatre Trip,Valderheim,Belts and Pelts,RuinedVillage
Wiosna,Theatre Trip,Valderheim,Belts and Pelts,TestArena
Wiosna,Theatre Trip,Valderheim,Belts and Pelts,TestArena
Wiosna,Theatre Trip,Valderheim,Belts and Pelts,TestArena
Wiosna,Theatre Trip,Valderheim,Belts and Pelts,TestArena
Wiosna,Theatre Trip,Valderheim,Belts and Pelts,TestArena
Valderheim,Belts and Pelts,Carmen,Guardian Angel,TestArena
Valderheim,Belts and Pelts,Valderheim,Belts and Pelts,TestArena
Wiosna,Theatre Trip,Valderheim,Belts and Pelts,TestArena
SongBird,Plagued Doctor,Valderheim,Belts and Pelts,TestArena
Valderheim,Shark In Jeans,Valderheim,Belts and Pelts,TestArena
Carmen,Guardian Angel,Valderheim,Belts and Pelts,TestArena
Carmen,Guardian Angel,Valderheim,Belts and Pelts,TestArena
Valderheim,Shark In Jeans,Carmen,Guardian Angel,TestArena
Wiosna,Theatre Trip,Valderheim,Belts and Pelts,TestArena
Wiosna,Theatre Trip,Valderheim,Belts and Pelts,TestArena
Wiosna,Theatre Trip,Valderheim,Belts and Pelts,TestArena
Valderheim,Belts and Pelts,Wiosna,Theatre Trip,TestArena
Valderheim,Belts and Pelts,Wiosna,Theatre Trip,TestArena
Wiosna,Theatre Trip,Valderheim,Belts and Pelts,TestArena
Wiosna,Theatre Trip,Wiosna,Theatre Trip,TestArena
Valderheim,Belts and Pelts,Wiosna,Theatre Trip,TestArena
Valderheim,Belts and Pelts,Wiosna,Theatre Trip,TestArena
Valderheim,Belts and Pelts,Wiosna,Theatre Trip,TestArena
Valderheim,Belts and Pelts,Valderheim,Belts and Pelts,TestArena
Valderheim,Belts and Pelts,Valderheim,Belts and Pelts,TestArena
Carmen,Guardian Angel,Valderheim,Belts and Pelts,TestArena
Carmen,Guardian Angel,Valderheim,Belts and Pelts,TestArena
Carmen,Guardian Angel,Valderheim,Belts and Pelts,TestArena
Carmen,Guardian Angel,Valderheim,Belts and Pelts,TestArena
Carmen,Guardian Angel,Valderheim,Belts and Pelts,TestArena
Carmen,Guardian Angel,Valderheim,Belts and Pelts,TestArena
Carmen,Guardian Angel,Valderheim,Belts and Pelts,TestArena
Carmen,Guardian Angel,Valderheim,Belts and Pelts,TestArena
Carmen,Guardian Angel,Valderheim,Belts and Pelts,TestArena
Valderheim,Belts and Pelts,Valderheim,Belts and Pelts,TestArena
Carmen,Guardian Angel,Valderheim,Belts and Pelts,TestArena
Carmen,Guardian Angel,Valderheim,Belts and Pelts,TestArena
Valderheim,Belts and Pelts,Valderheim,Belts and Pelts,TestArena
Carmen,Guardian Angel,Valderheim,Belts and Pelts,TestArena
Carmen,Guardian Angel,Valderheim,Belts and Pelts,TestArena
Wiosna,Theatre Trip,Valderheim,Belts and Pelts,TestArena
Wiosna,Theatre Trip,Valderheim,Belts and Pelts,TestArena
Wiosna,Theatre Trip,Valderheim,Belts and Pelts,TestArena
Wiosna,Theatre Trip,Valderheim,Belts and Pelts,TestArena
Carmen,Guardian Angel,Valderheim,Belts and Pelts,TestArena
Carmen,Guardian Angel,Valderheim,Belts and Pelts,TestArena
SongBird,Plagued Doctor,Valderheim,Belts and Pelts,TestArena
Valderheim,Shark In Jeans,Valderheim,Belts and Pelts,TestArena
Carmen,Guardian Angel,Valderheim,Belts and Pelts,TestArena
Carmen,Guardian Angel,Valderheim,Belts and Pelts,TestArena
Wiosna,Theatre Trip,Valderheim,Belts and Pelts,TestArena
Carmen,Guardian Angel,Valderheim,Belts and Pelts,TestArena
Valderheim,Shark In Jeans,Valderheim,Belts and Pelts,TestArena
Carmen,Guardian Angel,Valderheim,Belts and Pelts,TestArena
Carmen,Guardian Angel,Valderheim,Belts and Pelts,TestArena
Carmen,Guardian Angel,Valderheim,Belts and Pelts,TestArena
Carmen,Guardian Angel,Valderheim,Belts and Pelts,TestArena
Valderheim,Belts and Pelts,Valderheim,Belts and Pelts,TestArena
Valderheim,Belts and Pelts,Valderheim,Belts and Pelts,TestArena
SongBird,Plagued Doctor,Valderheim,Belts and Pelts,TestArena
Carmen,Guardian Angel,Valderheim,Belts and Pelts,TestArena
Valderheim,Shark In Jeans,Valderheim,Belts and Pelts,TestArena
Wiosna,Theatre Trip,Valderheim,Belts and Pelts,TestArena
Carmen,Guardian Angel,Valderheim,Belts and Pelts,TestArena
Carmen,Guardian Angel,Valderheim,Belts and Pelts,TestArena
Carmen,Guardian Angel,Valderheim,Belts and Pelts,TestArena
Carmen,Guardian Angel,Valderheim,Belts and Pelts,TestArena
Valderheim,Belts and Pelts,Valderheim,Belts and Pelts,TestArena
Valderheim,Belts and Pelts,Valderheim,Belts and Pelts,TestArena
Carmen,Guardian Angel,SongBird,Plagued Doctor,TestArena
SongBird,Mama's Recipe,Valderheim,Belts and Pelts,TestArena
SongBird,Mama's Recipe,Valderheim,Belts and Pelts,TestArena
SongBird,Plagued Doctor,Valderheim,Belts and Pelts,TestArena
Wiosna,Theatre Trip,Valderheim,Belts and Pelts,TestArena
SongBird,Plagued Doctor,Valderheim,Belts and Pelts,TestArena
Valderheim,Shark In Jeans,Valderheim,Belts and Pelts,TestArena
SongBird,Mama's Recipe,Valderheim,Belts and Pelts,TestArena
SongBird,Plagued Doctor,Valderheim,Belts and Pelts,TestArena
SongBird,Mama's Recipe,Valderheim,Belts and Pelts,TestArena
SongBird,Mama's Recipe,Valderheim,Belts and Pelts,TestArena
Carmen,Guardian Angel,Valderheim,Shark In Jeans,TestArena
Wiosna,Theatre Trip,SongBird,Mama's Recipe,TestArena
Wiosna,Theatre Trip,SongBird,Plagued Doctor,TestArena
Carmen,Guardian Angel,Wiosna,Theatre Trip,TestArena
Carmen,Guardian Angel,Carmen,Guardian Angel,TestArena
Wiosna,Theatre Trip,Valderheim,Belts and Pelts,TestArena
Valderheim,Belts and Pelts,Valderheim,Belts and Pelts,TestArena
Carmen,Guardian Angel,Valderheim,Shark In Jeans,TestArena
Wiosna,Theatre Trip,SongBird,Mama's Recipe,TestArena
SongBird,The Toxic Intellectual,SongBird,Plagued Doctor,TestArena
Valderheim,Shark In Jeans,Carmen,Guardian Angel,TestArena
Valderheim,Shark In Jeans,Valderheim,Beach Day,TestArena
SongBird,The Toxic Intellectual,SongBird,Mama's Recipe,TestArena
Wiosna,Theatre Trip,SongBird,Mama's Recipe,TestArena
Carmen,Guardian Angel,Valderheim,Shark In Jeans,TestArena
Wiosna,Theatre Trip,SongBird,Mama's Recipe,TestArena
SongBird,Plagued Doctor,Wiosna,Theatre Trip,TestArena
SongBird,Mama's Recipe,Valderheim,Belts and Pelts,TestArena
Valderheim,Shark In Jeans,Valderheim,Belts and Pelts,TestArena
Carmen,Guardian Angel,Valderheim,Belts and Pelts,TestArena
SongBird,Plagued Doctor,Valderheim,Belts and Pelts,TestArena
Valderheim,Shark In Jeans,Carmen,Guardian Angel,TestArena
Carmen,Guardian Angel,Valderheim,Belts and Pelts,TestArena
SongBird,Mama's Recipe,Valderheim,Belts and Pelts,TestArena
Valderheim,Shark In Jeans,Valderheim,Belts and Pelts,TestArena
Valderheim,Shark In Jeans,Valderheim,Belts and Pelts,TestArena
Valderheim,Shark In Jeans,Valderheim,Belts and Pelts,TestArena
Wiosna,Theatre Trip,Valderheim,Belts and Pelts,TestArena
Wiosna,Theatre Trip,Valderheim,Belts and Pelts,TestArena
Carmen,Guardian Angel,Valderheim,Belts and Pelts,TestArena
SongBird,Plagued Doctor,Valderheim,Belts and Pelts,TestArena
Carmen,Guardian Angel,Valderheim,Belts and Pelts,TestArena
Valderheim,Beach Day,Valderheim,Belts and Pelts,TestArena
Valderheim,Shark In Jeans,Valderheim,Belts and Pelts,TestArena
Valderheim,Shark In Jeans,Valderheim,Belts and Pelts,TestArena
SongBird,Plagued Doctor,Valderheim,Belts and Pelts,TestArena
SongBird,Plagued Doctor,Valderheim,Belts and Pelts,TestArena
SongBird,Mama's Recipe,Valderheim,Belts and Pelts,TestArena
Wiosna,Theatre Trip,Valderheim,Belts and Pelts,TestArena
Carmen,Guardian Angel,Valderheim,Belts and Pelts,TestArena
Carmen,Guardian Angel,Valderheim,Beach Day,TestArena
SongBird,Mama's Recipe,Carmen,Guardian Angel,TestArena
Carmen,Guardian Angel,SongBird,Mama's Recipe,TestArena
Valderheim,Shark In Jeans,Wiosna,Theatre Trip,TestArena
SongBird,Plagued Doctor,Carmen,Guardian Angel,TestArena
Carmen,Guardian Angel,Valderheim,Beach Day,TestArena
SongBird,Mama's Recipe,Valderheim,Belts and Pelts,TestArena
Wiosna,Theatre Trip,SongBird,Mama's Recipe,TestArena
Valderheim,Beach Day,Carmen,Guardian Angel,TestArena
Valderheim,Belts and Pelts,Carmen,Guardian Angel,TestArena
Carmen,Guardian Angel,Valderheim,Belts and Pelts,TestArena
Valderheim,Belts and Pelts,SongBird,Plagued Doctor,TestArena
Valderheim,Belts and Pelts,Carmen,Guardian Angel,TestArena
SongBird,Mama's Recipe,Carmen,Guardian Angel,TestArena
Valderheim,Belts and Pelts,Carmen,Guardian Angel,TestArena
SongBird,Plagued Doctor,Valderheim,Belts and Pelts,TestArena
SongBird,Mama's Recipe,Valderheim,Belts and Pelts,TestArena
SongBird,Mama's Recipe,Valderheim,Belts and Pelts,TestArena
SongBird,Plagued Doctor,Valderheim,Belts and Pelts,TestArena
SongBird,Mama's Recipe,Valderheim,Belts and Pelts,TestArena
SongBird,Mama's Recipe,Valderheim,Belts and Pelts,TestArena
Carmen,Guardian Angel,SongBird,Mama's Recipe,TestArena
SongBird,Mama's Recipe,SongBird,Plagued Doctor,TestArena
Carmen,Guardian Angel,Valderheim,Belts and Pelts,TestArena
Carmen,Guardian Angel,SongBird,Plagued Doctor,TestArena
SongBird,Mama's Recipe,SongBird,Plagued Doctor,TestArena
SongBird,Mama's Recipe,SongBird,Plagued Doctor,TestArena
SongBird,Mama's Recipe,SongBird,Plagued Doctor,TestArena
SongBird,Mama's Recipe,SongBird,Plagued Doctor,TestArena
Valderheim,Belts and Pelts,Valderheim,Belts and Pelts,TestArena
Valderheim,Belts and Pelts,SongBird,Plagued Doctor,TestArena
Valderheim,Belts and Pelts,Carmen,Guardian Angel,TestArena
Valderheim,Belts and Pelts,Carmen,Guardian Angel,TestArena
Carmen,Guardian Angel,Valderheim,Belts and Pelts,TestArena
Carmen,Guardian Angel,Valderheim,Belts and Pelts,TestArena
Carmen,Guardian Angel,Valderheim,Belts and Pelts,TestArena
Carmen,Guardian Angel,Valderheim,Belts and Pelts,TestArena
Carmen,Guardian Angel,Valderheim,Belts and Pelts,TestArena
Carmen,Guardian Angel,Valderheim,Belts and Pelts,TestArena
Carmen,Guardian Angel,Valderheim,Belts and Pelts,TestArena
Carmen,Guardian Angel,Valderheim,Belts and Pelts,TestArena
Carmen,Guardian Angel,Valderheim,Belts and Pelts,TestArena
Valderheim,Belts and Pelts,Valderheim,Belts and Pelts,TestArena
Valderheim,Belts and Pelts,Valderheim,Belts and Pelts,TestArena
Valderheim,Belts and Pelts,Valderheim,Belts and Pelts,TestArena
Valderheim,Belts and Pelts,Valderheim,Belts and Pelts,TestArena
Carmen,Guardian Angel,Valderheim,Belts and Pelts,TestArena
Carmen,Guardian Angel,Valderheim,Belts and Pelts,TestArena
SongBird,The Rat King,Valderheim,Belts and Pelts,TestArena
SongBird,The Rat King,Valderheim,Belts and Pelts,TestArena
Carmen,Wild Hunter,Valderheim,Belts and Pelts,TestArena
Carmen,Wild Hunter,Valderheim,Belts and Pelts,TestArena
Wiosna,Jester Royale,Valderheim,Belts and Pelts,TestArena
Wiosna,Theatre Trip,Valderheim,Belts and Pelts,TestArena
Wiosna,Theatre Trip,Valderheim,Belts and Pelts,TestArena
Carmen,Guardian Angel,Valderheim,Belts and Pelts,TestArena
Carmen,Guardian Angel,SongBird,The Rat King,TestArena
SongBird,Plagued Doctor,Valderheim,Belts and Pelts,TestArena
Valderheim,Shark In Jeans,Valderheim,Beach Day,TestArena
Carmen,Guardian Angel,Valderheim,Belts and Pelts,TestArena
Wiosna,Jester Royale,Valderheim,Belts and Pelts,TestArena
Carmen,Guardian Angel,SongBird,Plagued Doctor,TestArena
Valderheim,Belts and Pelts,Carmen,Guardian Angel,TestArena
Carmen,Guardian Angel,Valderheim,Belts and Pelts,TestArena
Wiosna,Theatre Trip,Carmen,Wild Hunter,TestArena
Carmen,Guardian Angel,Valderheim,Belts and Pelts,TestArena
Carmen,Guardian Angel,Valderheim,Belts and Pelts,TestArena
Carmen,Guardian Angel,Valderheim,Belts and Pelts,TestArena
Carmen,Guardian Angel,Valderheim,Belts and Pelts,TestArena
Carmen,Guardian Angel,Valderheim,Belts and Pelts,TestArena
Carmen,Guardian Angel,Valderheim,Belts and Pelts,TestArena
Carmen,Guardian Angel,Valderheim,Belts and Pelts,TestArena
Carmen,Guardian Angel,Valderheim,Belts and Pelts,TestArena
Carmen,Guardian Angel,Valderheim,Belts and Pelts,TestArena
Carmen,Guardian Angel,Valderheim,Belts and Pelts,TestArena
Carmen,Guardian Angel,Valderheim,Belts and Pelts,TestArena
Carmen,Guardian Angel,Valderheim,Belts and Pelts,TestArena
Carmen,Wild Hunter,Carmen,Guardian Angel,TestArena
Carmen,Guardian Angel,Carmen,Wild Hunter,TestArena
Carmen,Guardian Angel,Valderheim,Belts and Pelts,TestArena
Carmen,Guardian Angel,Valderheim,Belts and Pelts,TestArena
Carmen,Guardian Angel,Carmen,Guardian Angel,TestArena
Carmen,Guardian Angel,Carmen,Wild Hunter,TestArena
Carmen,Guardian Angel,Carmen,Wild Hunter,TestArena
Carmen,Guardian Angel,Valderheim,Belts and Pelts,TestArena
Carmen,Guardian Angel,Carmen,Wild Hunter,TestArena
Carmen,Guardian Angel,Carmen,Wild Hunter,TestArena
Carmen,Guardian Angel,Carmen,Wild Hunter,TestArena
Carmen,Guardian Angel,Carmen,Wild Hunter,TestArena
Carmen,Guardian Angel,Carmen,Wild Hunter,TestArena
Carmen,Guardian Angel,Valderheim,Belts and Pelts,TestArena
Carmen,Guardian Angel,Valderheim,Belts and Pelts,Valderheim's Retreat
SongBird,Plagued Doctor,Valderheim,Belts and Pelts,Valderheim's Retreat
Carmen,Guardian Angel,Valderheim,Belts and Pelts,Valderheim's Retreat
Valderheim,Belts and Pelts,Wiosna,Jester Royale,Valderheim's Retreat
Valderheim,Belts and Pelts,Wiosna,Theatre Trip,Valderheim's Retreat
Valderheim,Belts and Pelts,Wiosna,Theatre Trip,Valderheim's Retreat
Valderheim,Belts and Pelts,Wiosna,Theatre Trip,Valderheim's Retreat
Valderheim,Belts and Pelts,Wiosna,Theatre Trip,Valderheim's Retreat
Valderheim,Belts and Pelts,Wiosna,Theatre Trip,Valderheim's Retreat
Valderheim,Belts and Pelts,Wiosna,Theatre Trip,Valderheim's Retreat
Valderheim,Belts and Pelts,Wiosna,Theatre Trip,Valderheim's Retreat
Valderheim,Belts and Pelts,Wiosna,Theatre Trip,Valderheim's Retreat
Valderheim,Belts and Pelts,Wiosna,Theatre Trip,Valderheim's Retreat
Carmen,Wild Hunter,Carmen,Guardian Angel,Valderheim's Retreat
Valderheim,Belts and Pelts,Wiosna,Theatre Trip,Valderheim's Retreat
Valderheim,Belts and Pelts,Wiosna,Theatre Trip,Valderheim's Retreat
Valderheim,Belts and Pelts,Wiosna,Theatre Trip,Valderheim's Retreat
Valderheim,Belts and Pelts,Wiosna,Theatre Trip,Valderheim's Retreat
Valderheim,Belts and Pelts,Wiosna,Theatre Trip,Valderheim's Retreat
Valderheim,Belts and Pelts,Wiosna,Theatre Trip,Valderheim's Retreat
Carmen,Guardian Angel,Wiosna,Theatre Trip,Valderheim's Retreat
Valderheim,Belts and Pelts,Wiosna,Theatre Trip,Valderheim's Retreat
Valderheim,Belts and Pelts,Wiosna,Theatre Trip,Valderheim's Retreat
Valderheim,Belts and Pelts,Wiosna,Theatre Trip,Valderheim's Retreat
Carmen,Guardian Angel,Valderheim,Belts and Pelts,Valderheim's Retreat
SongBird,The Rat King,Valderheim,Belts and Pelts,Valderheim's Retreat
Valderheim,Belts and Pelts,Valderheim,Belts and Pelts,Valderheim's Retreat
Valderheim,Belts and Pelts,Valderheim,Belts and Pelts,Valderheim's Retreat
SongBird,Plagued Doctor,Valderheim,Belts and Pelts,Valderheim's Retreat
SongBird,The Rat King,Valderheim,Belts and Pelts,Valderheim's Retreat
SongBird,Mama's Recipe,Valderheim,Belts and Pelts,Valderheim's Retreat
SongBird,Mama's Recipe,Valderheim,Belts and Pelts,Valderheim's Retreat
SongBird,The Rat King,Carmen,Guardian Angel,Valderheim's Retreat
Valderheim,Belts and Pelts,Valderheim,Belts and Pelts,Valderheim's Retreat
Valderheim,Belts and Pelts,Wiosna,Theatre Trip,Valderheim's Retreat
SongBird,The Rat King,Valderheim,Belts and Pelts,Valderheim's Retreat
Carmen,Guardian Angel,Valderheim,Belts and Pelts,Valderheim's Retreat
Carmen,Wild Hunter,Valderheim,Belts and Pelts,Valderheim's Retreat
Wiosna,Theatre Trip,Valderheim,Belts and Pelts,Valderheim's Retreat
SongBird,Plagued Doctor,Valderheim,Belts and Pelts,New Venice
SongBird,Plagued Doctor,Valderheim,Belts and Pelts,New Venice
SongBird,Plagued Doctor,Valderheim,Belts and Pelts,New Venice
SongBird,Plagued Doctor,Valderheim,Belts and Pelts,New Venice
SongBird,Plagued Doctor,Valderheim,Belts and Pelts,New Venice
SongBird,Plagued Doctor,Valderheim,Belts and Pelts,New Venice
SongBird,Plagued Doctor,Valderheim,Belts and Pelts,New Venice
SongBird,Plagued Doctor,Valderheim,Belts and Pelts,New Venice
SongBird,Plagued Doctor,Valderheim,Belts and Pelts,New Venice
SongBird,Plagued Doctor,Valderheim,Belts and Pelts,New Venice
SongBird,Plagued Doctor,Valderheim,Belts and Pelts,New Venice
SongBird,Plagued Doctor,Valderheim,Belts and Pelts,New Venice
SongBird,Plagued Doctor,Valderheim,Belts and Pelts,New Venice
SongBird,Plagued Doctor,Valderheim,Belts and Pelts,New Venice
SongBird,Plagued Doctor,Valderheim,Belts and Pelts,New Venice
SongBird,Plagued Doctor,Valderheim,Belts and Pelts,New Venice
SongBird,Plagued Doctor,Valderheim,Belts and Pelts,New Venice
SongBird,Plagued Doctor,Valderheim,Belts and Pelts,New Venice
SongBird,Plagued Doctor,Valderheim,Belts and Pelts,New Venice
SongBird,Plagued Doctor,Valderheim,Belts and Pelts,New Venice
SongBird,Plagued Doctor,Valderheim,Belts and Pelts,New Venice
SongBird,Plagued Doctor,Valderheim,Belts and Pelts,New Venice
SongBird,Plagued Doctor,Valderheim,Belts and Pelts,New Venice
SongBird,Plagued Doctor,Valderheim,Belts and Pelts,New Venice
SongBird,Plagued Doctor,Valderheim,Belts and Pelts,New Venice
SongBird,Plagued Doctor,Valderheim,Belts and Pelts,New Venice
SongBird,Plagued Doctor,Valderheim,Belts and Pelts,New Venice
SongBird,Plagued Doctor,Valderheim,Belts and Pelts,New Venice
SongBird,Plagued Doctor,Valderheim,Belts and Pelts,New Venice
SongBird,Plagued Doctor,Valderheim,Belts and Pelts,New Venice
SongBird,Plagued Doctor,Valderheim,Belts and Pelts,New Venice
SongBird,Plagued Doctor,Valderheim,Belts and Pelts,New Venice
SongBird,Plagued Doctor,Valderheim,Belts and Pelts,New Venice
SongBird,Plagued Doctor,Valderheim,Belts and Pelts,New Venice
SongBird,Plagued Doctor,Valderheim,Belts and Pelts,Valderheim's Retreat
SongBird,Plagued Doctor,Valderheim,Belts and Pelts,New Venice
SongBird,Plagued Doctor,Valderheim,Belts and Pelts,New Venice
SongBird,Plagued Doctor,Valderheim,Belts and Pelts,New Venice
SongBird,Plagued Doctor,Valderheim,Belts and Pelts,New Venice
SongBird,Plagued Doctor,Valderheim,Belts and Pelts,New Venice
SongBird,Plagued Doctor,Valderheim,Belts and Pelts,New Venice
SongBird,Plagued Doctor,Valderheim,Belts and Pelts,New Venice
Wiosna,Theatre Trip,Valderheim,Belts and Pelts,New Venice
Valderheim,Belts and Pelts,Valderheim,Belts and Pelts,New Venice
Carmen,Guardian Angel,Valderheim,Belts and Pelts,New Venice
Wiosna,Theatre Trip,Valderheim,Belts and Pelts,New Venice
Wiosna,Theatre Trip,Valderheim,Belts and Pelts,New Venice
Wiosna,Theatre Trip,Valderheim,Belts and Pelts,Valderheim's Retreat
Valderheim,Shark In Jeans,Valderheim,Belts and Pelts,Valderheim's Retreat
Valderheim,Belts and Pelts,Valderheim,Belts and Pelts,Valderheim's Retreat
SongBird,Plagued Doctor,Valderheim,Belts and Pelts,Valderheim's Retreat
Carmen,Guardian Angel,Valderheim,Belts and Pelts,New Venice
Carmen,Guardian Angel,Valderheim,Belts and Pelts,Valderheim's Retreat
Carmen,Guardian Angel,Valderheim,Belts and Pelts,New Venice
Carmen,Wild Hunter,SongBird,Plagued Doctor,Valderheim's Retreat
SongBird,The Rat King,SongBird,Plagued Doctor,Demon Caves
Carmen,Guardian Angel,Valderheim,Belts and Pelts,Valderheim's Retreat
Carmen,Guardian Angel,Valderheim,Belts and Pelts,Valderheim's Retreat
Carmen,Guardian Angel,SongBird,The Rat King,Valderheim's Retreat
SongBird,The Rat King,Wiosna,Theatre Trip,Valderheim's Retreat
SongBird,The Rat King,SongBird,The Rat King,Valderheim's Retreat
SongBird,The Rat King,SongBird,The Rat King,Valderheim's Retreat
SongBird,Plagued Doctor,SongBird,The Rat King,Valderheim's Retreat
SongBird,Mama's Recipe,Valderheim,Belts and Pelts,Valderheim's Retreat
Valderheim,Belts and Pelts,Valderheim,Belts and Pelts,Valderheim's Retreat
Valderheim,Belts and Pelts,Valderheim,Belts and Pelts,Valderheim's Retreat
SongBird,Plagued Doctor,Valderheim,Belts and Pelts,Valderheim's Retreat
SongBird,The Rat King,Valderheim,Belts and Pelts,Valderheim's Retreat
Valderheim,Belts and Pelts,Valderheim,Belts and Pelts,Valderheim's Retreat
Valderheim,Belts and Pelts,Valderheim,Belts and Pelts,Valderheim's Retreat
Valderheim,Belts and Pelts,Valderheim,Belts and Pelts,Valderheim's Retreat
Carmen,Guardian Angel,Valderheim,Belts and Pelts,Valderheim's Retreat
Valderheim,Belts and Pelts,Valderheim,Belts and Pelts,Valderheim's Retreat
Wiosna,Theatre Trip,SongBird,Plagued Doctor,Valderheim's Retreat
Valderheim,Belts and Pelts,Valderheim,Belts and Pelts,Valderheim's Retreat
Valderheim,Belts and Pelts,Valderheim,Belts and Pelts,Valderheim's Retreat
Valderheim,Belts and Pelts,Valderheim,Belts and Pelts,Valderheim's Retreat
Valderheim,Belts and Pelts,Valderheim,Belts and Pelts,Demon Caves
Valderheim,Belts and Pelts,Valderheim,Belts and Pelts,Valderheim's Retreat
Valderheim,Belts and Pelts,Valderheim,Belts and Pelts,Valderheim's Retreat
Valderheim,Belts and Pelts,Valderheim,Belts and Pelts,Valderheim's Retreat
Valderheim,Belts and Pelts,Valderheim,Belts and Pelts,Valderheim's Retreat
Valderheim,Belts and Pelts,Valderheim,Belts and Pelts,Valderheim's Retreat
Valderheim,Belts and Pelts,Valderheim,Belts and Pelts,Valderheim's Retreat
Valderheim,Belts and Pelts,Valderheim,Belts and Pelts,Valderheim's Retreat
Valderheim,Belts and Pelts,Valderheim,Belts and Pelts,Valderheim's Retreat
Valderheim,Belts and Pelts,Valderheim,Belts and Pelts,Valderheim's Retreat
Valderheim,Belts and Pelts,Valderheim,Belts and Pelts,Valderheim's Retreat
Wiosna,Theatre Trip,Valderheim,Belts and Pelts,Valderheim's Retreat
Carmen,Guardian Angel,Valderheim,Belts and Pelts,Valderheim's Retreat
Carmen,Guardian Angel,Valderheim,Belts and Pelts,Valderheim's Retreat
Valderheim,Belts and Pelts,Valderheim,Belts and Pelts,Valderheim's Retreat
Wiosna,Theatre Trip,Valderheim,Belts and Pelts,Valderheim's Retreat
Wiosna,Theatre Trip,Valderheim,Belts and Pelts,Valderheim's Retreat
Wiosna,Theatre Trip,Valderheim,Belts and Pelts,Valderheim's Retreat
Wiosna,Theatre Trip,Valderheim,Belts and Pelts,New Venice
Wiosna,Theatre Trip,Valderheim,Belts and Pelts,Valderheim's Retreat
SongBird,Mama's Recipe,Carmen,Wild Hunter,Valderheim's Retreat
Wiosna,Jester Royale,Valderheim,Belts and Pelts,Valderheim's Retreat
SongBird,Plagued Doctor,Wiosna,Theatre Trip,Valderheim's Retreat
Valderheim,Shark In Jeans,SongBird,The Rat King,Valderheim's Retreat
Wiosna,Theatre Trip,Carmen,Guardian Angel,Valderheim's Retreat
SongBird,Mama's Recipe,Valderheim,Belts and Pelts,Valderheim's Retreat
Carmen,Guardian Angel,Valderheim,Belts and Pelts,New Venice
SongBird,Plagued Doctor,Valderheim,Belts and Pelts,New Venice
SongBird,Plagued Doctor,Valderheim,Belts and Pelts,New Venice
SongBird,The Rat King,Valderheim,Belts and Pelts,Valderheim's Retreat
SongBird,Plagued Doctor,Valderheim,Belts and Pelts,Valderheim's Retreat
Valderheim,Shark In Jeans,Valderheim,Belts and Pelts,New Venice
Wiosna,Theatre Trip,Valderheim,Belts and Pelts,Valderheim's Retreat
Wiosna,Theatre Trip,Valderheim,Belts and Pelts,Valderheim's Retreat
Valderheim,Belts and Pelts,Valderheim,Belts and Pelts,Valderheim's Retreat
Carmen,Guardian Angel,Valderheim,Belts and Pelts,Demon Caves
SongBird,Mama's Recipe,Valderheim,Belts and Pelts,Valderheim's Retreat
Valderheim,Belts and Pelts,Valderheim,Belts and Pelts,Valderheim's Retreat
Valderheim,Belts and Pelts,Valderheim,Belts and Pelts,Valderheim's Retreat
Valderheim,Belts and Pelts,Valderheim,Belts and Pelts,Valderheim's Retreat
Carmen,Guardian Angel,Valderheim,Belts and Pelts,Valderheim's Retreat
Carmen,Guardian Angel,Valderheim,Belts and Pelts,Valderheim's Retreat
Valderheim,Belts and Pelts,Valderheim,Belts and Pelts,Valderheim's Retreat
Valderheim,Belts and Pelts,Valderheim,Belts and Pelts,Valderheim's Retreat
Carmen,Guardian Angel,Valderheim,Belts and Pelts,Valderheim's Retreat
Carmen,Wild Hunter,Valderheim,Belts and Pelts,Demon Caves
Carmen,Wild Hunter,Valderheim,Belts and Pelts,New Venice
Carmen,Wild Hunter,Valderheim,Belts and Pelts,New Venice
SongBird,Plagued Doctor,Valderheim,Belts and Pelts,New Venice
Carmen,Guardian Angel,Valderheim,Belts and Pelts,New Venice
Valderheim,Belts and Pelts,Valderheim,Shark In Jeans,Valderheim's Retreat
Valderheim,Belts and Pelts,Valderheim,Shark In Jeans,New Venice
SongBird,The Rat King,Carmen,Guardian Angel,New Venice
Valderheim,Belts and Pelts,Carmen,Guardian Angel,Valderheim's Retreat
Valderheim,Belts and Pelts,Carmen,Guardian Angel,Valderheim's Retreat
SongBird,Plagued Doctor,Carmen,Guardian Angel,Valderheim's Retreat
SongBird,Plagued Doctor,Valderheim,Belts and Pelts,Valderheim's Retreat
SongBird,Plagued Doctor,Valderheim,Belts and Pelts,Valderheim's Retreat
Carmen,Guardian Angel,Valderheim,Belts and Pelts,Valderheim's Retreat
Wiosna,Theatre Trip,Valderheim,Shark In Jeans,New Venice
Valderheim,Belts and Pelts,Valderheim,Shark In Jeans,New Venice
Valderheim,Belts and Pelts,Valderheim,Belts and Pelts,New Venice
Valderheim,Belts and Pelts,Valderheim,Shark In Jeans,New Venice
Valderheim,Shark In Jeans,Valderheim,Belts and Pelts,New Venice
Valderheim,Shark In Jeans,Valderheim,Belts and Pelts,New Venice
Valderheim,Shark In Jeans,Valderheim,Beach Day,New Venice
Carmen,Guardian Angel,Valderheim,Beach Day,New Venice
Carmen,Guardian Angel,Valderheim,Belts and Pelts,Valderheim's Retreat
Valderheim,Belts and Pelts,Valderheim,Belts and Pelts,Valderheim's Retreat
Valderheim,Belts and Pelts,SongBird,Mama's Recipe,New Venice
Valderheim,Belts and Pelts,SongBird,Plagued Doctor,Demon Caves
Valderheim,Belts and Pelts,SongBird,Plagued Doctor,Valderheim's Retreat
Valderheim,Belts and Pelts,SongBird,Plagued Doctor,Valderheim's Retreat
Valderheim,Belts and Pelts,SongBird,Plagued Doctor,New Venice
Valderheim,Belts and Pelts,SongBird,Plagued Doctor,Valderheim's Retreat
Carmen,Guardian Angel,SongBird,Plagued Doctor,New Venice
Valderheim,Belts and Pelts,SongBird,Plagued Doctor,New Venice
Valderheim,Beach Day,SongBird,Plagued Doctor,New Venice
Valderheim,Beach Day,SongBird,Mama's Recipe,New Venice
Valderheim,Beach Day,SongBird,Mama's Recipe,New Venice
Valderheim,Belts and Pelts,SongBird,Plagued Doctor,Valderheim's Retreat
Valderheim,Belts and Pelts,SongBird,Plagued Doctor,Valderheim's Retreat
Valderheim,Belts and Pelts,SongBird,Plagued Doctor,Valderheim's Retreat
Valderheim,Belts and Pelts,Wiosna,Theatre Trip,Valderheim's Retreat
Valderheim,Belts and Pelts,SongBird,Plagued Doctor,Valderheim's Retreat
Valderheim,Belts and Pelts,Valderheim,Belts and Pelts,Valderheim's Retreat
Valderheim,Belts and Pelts,Carmen,Guardian Angel,Valderheim's Retreat
SongBird,Mama's Recipe,Carmen,Guardian Angel,New Venice
Valderheim,Belts and Pelts,Wiosna,Theatre Trip,Valderheim's Retreat
Valderheim,Belts and Pelts,Wiosna,Theatre Trip,Valderheim's Retreat
Valderheim,Beach Day,Valderheim,Belts and Pelts,New Venice
SongBird,Plagued Doctor,Valderheim,Shark In Jeans,New Venice
Valderheim,Belts and Pelts,Carmen,Guardian Angel,New Venice
Valderheim,Belts and Pelts,Carmen,Guardian Angel,New Venice
Valderheim,Belts and Pelts,Carmen,Guardian Angel,New Venice
Valderheim,Belts and Pelts,Carmen,Guardian Angel,Valderheim's Retreat
Valderheim,Belts and Pelts,Carmen,Guardian Angel,Valderheim's Retreat
Valderheim,Belts and Pelts,Carmen,Guardian Angel,Valderheim's Retreat
Valderheim,Belts and Pelts,Valderheim,Belts and Pelts,New Venice
Valderheim,Shark In Jeans,Valderheim,Belts and Pelts,Valderheim's Retreat
Valderheim,Shark In Jeans,Valderheim,Belts and Pelts,Valderheim's Retreat
Valderheim,Belts and Pelts,Valderheim,Belts and Pelts,Valderheim's Retreat
Valderheim,Shark In Jeans,Valderheim,Belts and Pelts,Valderheim's Retreat
Valderheim,Shark In Jeans,Valderheim,Belts and Pelts,Valderheim's Retreat
Valderheim,Shark In Jeans,Valderheim,Belts and Pelts,Valderheim's Retreat
Valderheim,Shark In Jeans,Valderheim,Belts and Pelts,Valderheim's Retreat
Valderheim,Shark In Jeans,Valderheim,Belts and Pelts,Valderheim's Retreat
SongBird,Plagued Doctor,Valderheim,Belts and Pelts,Valderheim's Retreat
Valderheim,Beach Day,Valderheim,Belts and Pelts,New Venice
Valderheim,Belts and Pelts,Valderheim,Belts and Pelts,New Venice
Carmen,Guardian Angel,Valderheim,Belts and Pelts,Valderheim's Retreat
Valderheim,Beach Day,Valderheim,Belts and Pelts,Valderheim's Retreat
Wiosna,Theatre Trip,Valderheim,Belts and Pelts,Demon Caves
Valderheim,Shark In Jeans,Valderheim,Belts and Pelts,Valderheim's Retreat
Valderheim,Belts and Pelts,Valderheim,Shark In Jeans,Valderheim's Retreat
Wiosna,Theatre Trip,SongBird,Plagued Doctor,New Venice
Valderheim,Beach Day,SongBird,Plagued Doctor,Valderheim's Retreat
Valderheim,Belts and Pelts,SongBird,Plagued Doctor,Valderheim's Retreat
Valderheim,Belts and Pelts,SongBird,Plagued Doctor,Valderheim's Retreat
Valderheim,Belts and Pelts,SongBird,Plagued Doctor,Valderheim's Retreat
Valderheim,Belts and Pelts,SongBird,Plagued Doctor,Valderheim's Retreat
Wiosna,Theatre Trip,SongBird,Mama's Recipe,Valderheim's Retreat
SongBird,Plagued Doctor,Valderheim,Shark In Jeans,Valderheim's Retreat
SongBird,Plagued Doctor,Valderheim,Belts and Pelts,Valderheim's Retreat
SongBird,Plagued Doctor,Valderheim,Belts and Pelts,Valderheim's Retreat
SongBird,The Rat King,Wiosna,Theatre Trip,Valderheim's Retreat
Carmen,Guardian Angel,SongBird,Plagued Doctor,New Venice
Valderheim,Shark In Jeans,SongBird,Plagued Doctor,Demon Caves
SongBird,Plagued Doctor,Valderheim,Belts and Pelts,New Venice
SongBird,Plagued Doctor,Valderheim,Belts and Pelts,New Venice
SongBird,Plagued Doctor,Valderheim,Belts and Pelts,New Venice
SongBird,Plagued Doctor,Valderheim,Shark In Jeans,New Venice
SongBird,Plagued Doctor,Valderheim,Belts and Pelts,New Venice
SongBird,Plagued Doctor,Valderheim,Belts and Pelts,New Venice
SongBird,Plagued Doctor,Valderheim,Belts and Pelts,New Venice
SongBird,Plagued Doctor,Valderheim,Belts and Pelts,New Venice
Valderheim,Belts and Pelts,Valderheim,Shark In Jeans,Valderheim's Retreat
SongBird,Plagued Doctor,Valderheim,Belts and Pelts,New Venice
Carmen,Guardian Angel,Valderheim,Belts and Pelts,Valderheim's Retreat
Valderheim,Shark In Jeans,Valderheim,Belts and Pelts,Valderheim's Retreat
SongBird,Plagued Doctor,Valderheim,Belts and Pelts,New Venice
Carmen,Guardian Angel,Valderheim,Belts and Pelts,New Venice
Valderheim,Belts and Pelts,Wiosna,Jester Royale,New Venice
Valderheim,Belts and Pelts,Wiosna,Theatre Trip,New Venice
Carmen,Guardian Angel,Valderheim,Beach Day,New Venice
Wiosna,Theatre Trip,SongBird,The Rat King,Valderheim's Retreat
Valderheim,Shark In Jeans,Wiosna,Theatre Trip,Valderheim's Retreat
SongBird,Plagued Doctor,Valderheim,Shark In Jeans,Demon Caves
SongBird,Plagued Doctor,Valderheim,Shark In Jeans,Demon Caves
Carmen,Guardian Angel,Carmen,Wild Hunter,Valderheim's Retreat
Valderheim,Shark In Jeans,Valderheim,Belts and Pelts,Valderheim's Retreat
Valderheim,Shark In Jeans,Valderheim,Belts and Pelts,Valderheim's Retreat
Wiosna,Theatre Trip,Valderheim,Belts and Pelts,Demon Caves
Wiosna,Jester Royale,Valderheim,Belts and Pelts,Grand Theatre
SongBird,Plagued Doctor,Valderheim,Belts and Pelts,Valderheim's Retreat
SongBird,Plagued Doctor,Valderheim,Belts and Pelts,Valderheim's Retreat
SongBird,Plagued Doctor,Valderheim,Belts and Pelts,Valderheim's Retreat
SongBird,Plagued Doctor,Valderheim,Belts and Pelts,Valderheim's Retreat
SongBird,Plagued Doctor,Valderheim,Belts and Pelts,Valderheim's Retreat
Valderheim,Shark In Jeans,Valderheim,Belts and Pelts,Valderheim's Retreat
Valderheim,Shark In Jeans,Valderheim,Belts and Pelts,Valderheim's Retreat
